image_url,title,overview,vote_average,popularity,release_date
https://image.tmdb.org/t/p/w500/1pdfLvkbY9ohJlCjQH2CZjjYVvJ.jpg,Dune: Part Two,"Follow the mythic journey of Paul Atreides as he unites with Chani and the Fremen while on a path of revenge against the conspirators who destroyed his family. Facing a choice between the love of his life and the fate of the known universe, Paul endeavors to prevent a terrible future only he can foresee.",8.3,3437.313,2024-02-27
https://image.tmdb.org/t/p/w500/kDp1vUBnMpe8ak4rjgl3cLELqjU.jpg,Kung Fu Panda 4,"Po is gearing up to become the spiritual leader of his Valley of Peace, but also needs someone to take his place as Dragon Warrior. As such, he will train a new kung fu practitioner for the spot and will encounter a villain called the Chameleon who conjures villains from the past. movie HD QUALITY, open this link leakedcinema.com",7.146,2340.977,2024-03-02
https://image.tmdb.org/t/p/w500/tMefBSflR6PGQLv7WvFPpKLZkyk.jpg,Godzilla x Kong: The New Empire,"Following their explosive showdown, Godzilla and Kong must reunite against a colossal undiscovered threat hidden within our world, challenging their very existence – and our own.  movie HD QUALITY, open this link leakedcinema.com",6.709,1987.337,2024-03-27
https://image.tmdb.org/t/p/w500/8QVDXDiOGHRcAD4oM6MXjE0osSj.jpg,Alienoid,"Gurus in the late Goryeo dynasty try to obtain a fabled, holy sword, and humans in 2022 hunt down an alien prisoner that is locked in a human's body. The two parties cross paths when a time-traveling portal opens up. movie HD QUALITY, open this link leakedcinema.com",7,1306,2022-07-20
https://image.tmdb.org/t/p/w500/bXi6IQiQDHD00JFio5ZSZOeRSBh.jpg,Road House,"Ex-UFC fighter Dalton takes a job as a bouncer at a Florida Keys roadhouse, only to discover that this paradise is not all it seems. movie HD QUALITY, open this link leakedcinema.com",7.07,971,2024-03-08
https://image.tmdb.org/t/p/w500/a9ySX1sTxxZfiy6gUJlEbuYrfET.jpg,Hard Hit,"On his way to work, a bank manager receives an anonymous call claiming there's a bomb under his car seat, and if anyone exits the car, it will explode unless he can pay a ransom. movie HD QUALITY, open this link leakedcinema.com",7.6,937.387,2021-06-23
https://image.tmdb.org/t/p/w500/ldfCF9RhR40mppkzmftxapaHeTo.jpg,Migration,"After a migrating duck family alights on their pond with thrilling tales of far-flung places, the Mallard family embarks on a family road trip, from New England, to New York City, to tropical Jamaica.",7.522,690.808,2023-12-06
https://image.tmdb.org/t/p/w500/jFK2ZLQUzo9pea0jfMCHDfvWsx7.jpg,The Wages of Fear,"When an explosion at an oil well threatens hundreds of lives, a crack team is called upon to make a deadly desert crossing with nitroglycerine in tow.",5.816,907.496,2024-03-28
https://image.tmdb.org/t/p/w500/rULWuutDcN5NvtiZi4FRPzRYWSh.jpg,Madame Web,"Forced to confront revelations about her past, paramedic Cassandra Webb forges a relationship with three young women destined for powerful futures...if they can all survive a deadly present.",5.7,830.964,2024-02-14
https://image.tmdb.org/t/p/w500/n726fdyL1dGwt15bY7Nj3XOXc4Q.jpg,Heart of the Hunter,A retired assassin is pulled back into action when his friend uncovers a dangerous conspiracy at the heart of the South African government.,5.892,638.328,2024-03-28
https://image.tmdb.org/t/p/w500/lbOyeiiRYAE6Nm2e7xiNAAaRwZB.jpg,Baghead,"Following the death of her estranged father, Iris learns she has inherited a run-down, centuries-old pub. She travels to Berlin to identify her father’s body and meet with The Solicitor to discuss the estate. Little does she know, when the deed is signed she will become inextricably tied to an unspeakable entity that resides in the pub’s basement – Baghead – a shape-shifting creature that can transform into the dead.",6.843,544.715,2023-12-28
https://image.tmdb.org/t/p/w500/p1LbrdJ53dGfEhRopG71akfzOVu.jpg,After the Pandemic,"Set in a post-apocalyptic world where a global airborne pandemic has wiped out 90% of the Earth's population and only the young and immune have endured as scavengers. For Ellie and Quinn, the daily challenges to stay alive are compounded when they become hunted by the merciless Stalkers. movie HD QUALITY, open this link leakedcinema.com",4.9,739.155,2022-03-01
https://image.tmdb.org/t/p/w500/uoBHsxSgfc3PQsSn98RfnbePHOy.jpg,The Tearsmith,"Adopted together after a tough childhood in an orphanage, Nica and Rigel realize that unexpected but irresistible feelings pull them together.",6.709,650.996,2024-04-03
https://image.tmdb.org/t/p/w500/oPXzCV01ysDmnmpJOkiVqaZQ5QR.jpg,The Adventures of Maid Marian,"Everyone knows the stories of Robin Hood and Maid Marian, but this the story of what happens next. Out of the shadows, a legend returns to save her people from the tyranny of the disgraced Sheriff of Nottingham. Robin Hood remains at war and Marian must put her own combat skills to the test, creating a new tale that will be heralded throughout the ages.",5.2,514.457,2022-05-09
https://image.tmdb.org/t/p/w500/9u6HEtZJdZDjPGGJq6YEuhPnoan.jpg,Imaginary,"When Jessica moves back into her childhood home with her family, her youngest stepdaughter Alice develops an eerie attachment to a stuffed bear named Chauncey she finds in the basement. Alice starts playing games with Chauncey that begin playful and become increasingly sinister. As Alice’s behavior becomes more and more concerning, Jessica intervenes only to realize Chauncey is much more than the stuffed toy bear she believed him to be.",6.277,466.091,2024-03-06
https://image.tmdb.org/t/p/w500/pqotEkHRbhUPUuX9Gq4U6aJzK55.jpg,Jade,"Jade presents the story of a woman who comes between a powerful businessman and a gang leader in their search for a hard drive that could damage the operations of Interpol. Despite grieving for the brother she accidentally killed, the woman is required to use her unique set of skills to retrieve the drive and protect her brother's unborn child being carried by another woman.",6.1,606.691,2024-02-16
https://image.tmdb.org/t/p/w500/ccJpK0rqzhQeP7Mrs2uKqObFY4L.jpg,Creation of the Gods I: Kingdom of Storms,"Based on the most well-known classical fantasy novel of China, Fengshenyanyi, the trilogy is a magnificent eastern high fantasy epic that recreates the prolonged mythical wars between humans, immortals and monsters, which happened more than three thousand years ago. movie HD QUALITY, open this link leakedcinema.com",6.9,628.972,2023-07-20
https://image.tmdb.org/t/p/w500/hu40Uxp9WtpL34jv3zyWLb5zEVY.jpg,No Way Up,Characters from different backgrounds are thrown together when the plane they're travelling on crashes into the Pacific Ocean. A nightmare fight for survival ensues with the air supply running out and dangers creeping in from all sides.,6.347,463.635,2024-01-18
https://image.tmdb.org/t/p/w500/d5NXSklXo0qyIYkgV94XAgMIckC.jpg,Dune,"Paul Atreides, a brilliant and gifted young man born into a great destiny beyond his understanding, must travel to the most dangerous planet in the universe to ensure the future of his family and his people. As malevolent forces explode into conflict over the planet's exclusive supply of the most precious resource in existence-a commodity capable of unlocking humanity's greatest potential-only those who can conquer their fear will survive.",7.789,622.436,2021-09-15
https://image.tmdb.org/t/p/w500/3UKlVa1CBeQkRksHV5OfFTO52qd.jpg,Hunters,"As John T. Wrecker continues his task of protecting a group of refugees from a virus, the threat of something new and even more dangerous grows ever closer in the form of monstrous mutants.",6.353,437.987,2021-09-13
https://image.tmdb.org/t/p/w500/h3jYanWMEJq6JJsCopy1h7cT2Hs.jpg,Land of Bad,"When a Delta Force special ops mission goes terribly wrong, Air Force drone pilot Reaper has 48 hours to remedy what has devolved into a wild rescue operation. With no weapons and no communication other than the drone above, the ground mission suddenly becomes a full-scale battle when the team is discovered by the enemy.",7.19,414.692,2024-01-25
https://image.tmdb.org/t/p/w500/ba1NlageLgbxOPLXjX0qX7HDBTc.jpg,Penoza: The Final Chapter,"The Black Widow is not dead ... Drug Queen Carmen van Walraven is hiding in Canada and leads an anonymous life there. One evening a colleague is harassed and Carmen helps her. In self-defense, she kills the perpetrator, is arrested and extradited to the Netherlands. While her children are in shock that their mother is still alive, there are also some people who still have to settle something with Carmen. Everyone is again dragged into an emotional rollercoaster. Carmen will now have deal with her past to save her family.",6.9,441.033,2019-11-28
https://image.tmdb.org/t/p/w500/sh7Rg8Er3tFcN9BpKIPOMvALgZd.jpg,Civil War,"In the near future, a group of war journalists attempt to survive while reporting the truth as the United States stands on the brink of civil war. movie HD QUALITY, open this link leakedcinema.com",7.5,501.142,2024-04-10
https://image.tmdb.org/t/p/w500/8Gxv8gSFCU0XGDykEGv7zR1n2ua.jpg,Oppenheimer,The story of J. Robert Oppenheimer's role in the development of the atomic bomb during World War II.,8.111,423.571,2023-07-19
https://image.tmdb.org/t/p/w500/siduVKgOnABO4WH4lOwPQwaGwJp.jpg,Argylle,"When the plots of reclusive author Elly Conway's fictional espionage novels begin to mirror the covert actions of a real-life spy organization, quiet evenings at home become a thing of the past. Accompanied by her cat Alfie and Aiden, a cat-allergic spy, Elly races across the world to stay one step ahead of the killers as the line between Conway's fictional world and her real one begins to blur.",6.184,388.394,2024-01-31
https://image.tmdb.org/t/p/w500/wShcJSKMFg1Dy1yq7kEZuay6pLS.jpg,Sri Asih,"Alana discover the truth about her origin: she’s not an ordinary human being. She may be the gift for humanity and become its protector as Sri Asih. Or a destruction, if she can’t control her anger.",6.297,336.371,2022-11-17
https://image.tmdb.org/t/p/w500/wSfQ0JEjoeVeVCQR3bmMLl6xBHK.jpg,Don't Look at the Demon,A spiritual medium leads a paranormal investigative TV crew to a haunted home only to discover that the evil spirit she’s facing holds the key to her troubled past.,5.5,337.029,2022-09-29
https://image.tmdb.org/t/p/w500/wTW2t8ocWDlHns8I7vQxuqkyK58.jpg,Breathe,"Air-supply is scarce in the near future, forcing a mother and daughter to fight for survival when two strangers arrive desperate for an oxygenated haven.",5.6,430.5,2024-04-04
https://image.tmdb.org/t/p/w500/AgHbB9DCE9aE57zkHjSmseszh6e.jpg,Damsel,A young woman's marriage to a charming prince turns into a fierce fight for survival when she's offered up as a sacrifice to a fire-breathing dragon.,7.141,423.041,2024-03-07
https://image.tmdb.org/t/p/w500/raNbLci95MJ3L3dMnG7L7bD37lY.jpg,Carmen 1945,"Prostitutes in burnt out Tokyo ghetto of post-WWII Japan peddle their flesh and save one-third of their money for a proposed dancehall to be named Paradise. The hookers live in a bombed-out building, but they accept the precarious situation with typical resolve.",4,403.608,1988-04-09
https://image.tmdb.org/t/p/w500/cPSPghn6tr6fGY6hTi78SrxBcqY.jpg,Planet Dune,A crew on a mission to rescue a marooned base on a desert planet turns deadly when the crew finds themselves hunted and attacked by the planet’s apex predators: giant sand worms.,3.9,291.382,2021-10-29
https://image.tmdb.org/t/p/w500/hil2ResSCwP95JweZVJsZ5CbZdc.jpg,The First Omen,"When a young American woman is sent to Rome to begin a life of service to the church, she encounters a darkness that causes her to question her own faith and uncovers a terrifying conspiracy that hopes to bring about the birth of evil incarnate.",6.7,404.221,2024-04-03
https://image.tmdb.org/t/p/w500/pgqgaUx1cJb5oZQQ5v0tNARCeBp.jpg,Godzilla vs. Kong,"In a time when monsters walk the Earth, humanity’s fight for its future sets Godzilla and Kong on a collision course that will see the two most powerful forces of nature on the planet collide in a spectacular battle for the ages.",7.624,313.872,2021-03-24
https://image.tmdb.org/t/p/w500/fko8CPrnspewLXgFUlUkivyvpHX.jpg,Megamind vs. the Doom Syndicate,"Megamind's former villain team, The Doom Syndicate, has returned. Our newly crowned blue hero must now keep up evil appearances until he can assemble his friends (Roxanne, Ol' Chum and Keiko) to stop his former evil teammates from launching Metro City to the Moon.",5.3,304.494,2024-03-29
https://image.tmdb.org/t/p/w500/qhb1qOilapbapxWQn9jtRCMwXJF.jpg,Wonka,"Willy Wonka – chock-full of ideas and determined to change the world one delectable bite at a time – is proof that the best things in life begin with a dream, and if you’re lucky enough to meet Willy Wonka, anything is possible.",7.203,333.491,2023-12-06
https://image.tmdb.org/t/p/w500/87goLbbqrJqAxqDS5cBsik1zKT.jpg,Vikings: Battle of Heirs,"A young Viking must come to terms with the realization that he may be the King's son, who was switched at birth, but not before others try to take his rightful place.",6.5,309.448,2023-04-28
https://image.tmdb.org/t/p/w500/kCGlIMHnOm8JPXq3rXM6c5wMxcT.jpg,Poor Things,"Brought back to life by an unorthodox scientist, a young woman runs off with a debauched lawyer on a whirlwind adventure across the continents. Free from the prejudices of her times, she grows steadfast in her purpose to stand for equality and liberation.",7.815,374.479,2023-12-07
https://image.tmdb.org/t/p/w500/hkxxMIGaiCTmrEArK7J56JTKUlB.jpg,Godzilla Minus One,"Postwar Japan is at its lowest point when a new crisis emerges in the form of a giant monster, baptized in the horrific power of the atomic bomb.",7.835,311.528,2023-11-03
https://image.tmdb.org/t/p/w500/5qHoazZiaLe7oFBok7XlUhg96f2.jpg,Anyone But You,"After an amazing first date, Bea and Ben’s fiery attraction turns ice cold — until they find themselves unexpectedly reunited at a destination wedding in Australia. So they do what any two mature adults would do: pretend to be a couple.",7.082,307.137,2023-12-21
https://image.tmdb.org/t/p/w500/vgJZSqKMXWDDx09iSIStGKfHMku.jpg,Wish,"Asha, a sharp-witted idealist, makes a wish so powerful that it is answered by a cosmic force – a little ball of boundless energy called Star. Together, Asha and Star confront a most formidable foe - the ruler of Rosas, King Magnifico - to save her community and prove that when the will of one courageous human connects with the magic of the stars, wondrous things can happen.",6.52,290.103,2023-11-13
https://image.tmdb.org/t/p/w500/fiVW06jE7z9YnO4trhaMEdclSiC.jpg,Fast X,"Over many missions and against impossible odds, Dom Toretto and his family have outsmarted, out-nerved and outdriven every foe in their path. Now, they confront the most lethal opponent they've ever faced: A terrifying threat emerging from the shadows of the past who's fueled by blood revenge, and who is determined to shatter this family and destroy everything—and everyone—that Dom loves, forever.",7.132,308.912,2023-05-17
https://image.tmdb.org/t/p/w500/xeEw3eLeSFmJgXZzmF2Efww0q3s.jpg,xXx,"Xander Cage is your standard adrenaline junkie with no fear and a lousy attitude. When the US Government ""recruits"" him to go on a mission, he's not exactly thrilled. His mission: to gather information on an organization that may just be planning the destruction of the world, led by the nihilistic Yorgi.",5.927,355.097,2002-08-09
https://image.tmdb.org/t/p/w500/hhvMTxlTZtnCOe7YFhod9uz3m37.jpg,Code 8 Part II,"In a world where superpowered people are heavily policed by robots, an ex-con teams up with a drug lord he despises to protect a teen from a corrupt cop.",6.476,263.175,2024-02-27
https://image.tmdb.org/t/p/w500/fAjyUDKABSehK6pHWvh9ket5X3z.jpg,Kingdom of the Planet of the Apes,"Several generations in the future following Caesar's reign, apes are now the dominant species and live harmoniously while humans have been reduced to living in the shadows. As a new tyrannical ape leader builds his empire, one young ape undertakes a harrowing journey that will cause him to question all that he has known about the past and to make choices that will define a future for apes and humans alike.",0,298.264,2024-05-08
https://image.tmdb.org/t/p/w500/5a7cocgyVuFjYV71neDIGVzD6Yq.jpg,Bullet Train Down,"On its maiden run, the world's fastest bullet train is rigged with a bomb that will explode if it dips below 200 mph.",5.446,220.688,2022-08-01
https://image.tmdb.org/t/p/w500/6faYaQyiBPhqAizldJKq21mIVaE.jpg,Ghostbusters: Frozen Empire,"The Spengler family returns to where it all started – the iconic New York City firehouse – to team up with the original Ghostbusters, who've developed a top-secret research lab to take busting ghosts to the next level. But when the discovery of an ancient artifact unleashes an evil force, Ghostbusters new and old must join forces to protect their home and save the world from a second Ice Age.",6.6,319.689,2024-03-20
https://image.tmdb.org/t/p/w500/aPG32niYPEIiaAXcclEFcHrGGs.jpg,Hellblazers,An evil cult unleashes a monster on a small south-western town that refuses to go down without a fight.,4.7,318.042,2022-01-21
https://image.tmdb.org/t/p/w500/tVMddOS5bi3YPVPgTPlEw0TOWoF.jpg,Meteor,"After a meteor collides into Earth, a lonely rancher and a lost young girl are on the run from vicious mercenaries.",5.5,267.751,2021-09-01
https://image.tmdb.org/t/p/w500/A7EByudX0eOzlkQ2FIbogzyazm2.jpg,The Beekeeper,One man's campaign for vengeance takes on national stakes after he is revealed to be a former operative of a powerful and clandestine organization known as Beekeepers.,7.474,288.104,2024-01-08
https://image.tmdb.org/t/p/w500/y9zzaN65LOO56nUGC31x9mWQzoi.jpg,Miller's Girl,A precocious young writer becomes involved with her high school creative writing teacher in a dark coming-of-age drama that examines the blurred lines of emotional connectivity between professor and protégé.,6.923,248.315,2024-01-18
https://image.tmdb.org/t/p/w500/nKPoSD4pZ3s3CJ9g3cqWRcQ41TC.jpg,Air Force One Down,"On her first assignment aboard Air Force One, a rookie Secret Service agent faces the ultimate test when terrorists hijack the plane, intent on derailing a pivotal energy deal. With the President's life on the line and a global crisis at stake, her bravery and skills are pushed to the limit in a relentless battle that could change the course of history.",6.4,230.087,2024-02-09
https://image.tmdb.org/t/p/w500/8BYT4D0E0f1qFb9WfJPH4YUirL.jpg,Woody Woodpecker Goes to Camp,"After getting kicked out of the forest, Woody thinks he's found a forever home at Camp Woo Hoo — until an inspector threatens to shut down the camp.",7.341,417.515,2024-04-12
https://image.tmdb.org/t/p/w500/9GBhzXMFjgcZ3FdR9w3bUMMTps5.jpg,The Marvels,"Carol Danvers, aka Captain Marvel, has reclaimed her identity from the tyrannical Kree and taken revenge on the Supreme Intelligence. But unintended consequences see Carol shouldering the burden of a destabilized universe. When her duties send her to an anomalous wormhole linked to a Kree revolutionary, her powers become entangled with that of Jersey City super-fan Kamala Khan, aka Ms. Marvel, and Carol’s estranged niece, now S.A.B.E.R. astronaut Captain Monica Rambeau. Together, this unlikely trio must team up and learn to work in concert to save the universe.",6.2,257.123,2023-11-08
https://image.tmdb.org/t/p/w500/ywzbF5YSBfZ7XqcGO9YR6Gy4VFt.jpg,Princess Cursed in Time: Alchemist's Quest,"It follows young alchemist Amélie as she acquires a magical power: partially influencing the flow of time. But she is split in time, and Amélie from the present meets Améliw from the past, who accompanies her every step of the way.",7.5,221.928,2022-11-17
https://image.tmdb.org/t/p/w500/j1Rjw6a62UwrbTNT0I3JzZnnCmr.jpg,Noah's Ark,"A pair of mice attempt to board Noah's Ark: Vini, a charismatic poet with terrible stage fright, and Tito, a talented and charming guitarist. When the rains come, only one male and one female of each species is allowed on Noah's Ark. With the help of an ingenious cockroach and fate's good luck, Vini and Tito sneak their way onto the Ark and together avert a showdown among the ships carnivores and plant eaters. All the while, the animals perform a series of classic songs inspired by world renowned poet, Vinicius de Moraes. Can these talented stowaways use music to break the tension and help these cooped up creatures survive the 40 days and 40 nights together?",7,235.089,2024-01-05
https://image.tmdb.org/t/p/w500/txA4srjcxa4HiWEaMyrNtWHbR5a.jpg,Monsternado,"When a tornado full of creatures bursts through the city, a group are held at a hotel trying to figure out a way to survive!",5.958,180.668,2023-11-14
https://image.tmdb.org/t/p/w500/w46Vw536HwNnEzOa7J24YH9DPRS.jpg,My Fault,"Noah must leave her city, boyfriend, and friends to move into William Leister's mansion, the flashy and wealthy husband of her mother Rafaela. As a proud and independent 17 year old, Noah resists living in a mansion surrounded by luxury. However, it is there where she meets Nick, her new stepbrother, and the clash of their strong personalities becomes evident from the very beginning.",7.986,242.031,2023-06-08
https://image.tmdb.org/t/p/w500/1On8iF3AsFIbpyfZg1xiGWMAFBn.jpg,Skal - Fight for Survival,"My name's Arthur, a huge Internet star who's just hit 3 million subs. While in the midst of throwing an epic party to celebrate, the universe had the balls to bring on the effing apocalypse and cut my night short. What was supposed to be a perfect hangover, has turned into an epic fight for survival.",5.263,200.841,2023-11-24
https://image.tmdb.org/t/p/w500/qbH4t4n1xr04ry8GiLCIRCUTRYD.jpg,She Devils of the SS,"In the last days of WW2, women are volunteering from all over Germany to serve in the front lines by having sex with the brave Nazi soldiers. But when they start having sex with each other, things get complicated. Especially with the increasing danger from the revengeful Soviet army!",4.8,283.171,1973-08-23
https://image.tmdb.org/t/p/w500/7IJ7F8tX7IAkpUdaGovOBJqORnJ.jpg,"The Pig, the Snake and the Pigeon","The arrogant, third most-wanted criminal in Taiwan, decides to get rid of the top two competitors and crowns himself the most-wanted criminal before dying.",7.3,206.195,2023-10-06
https://image.tmdb.org/t/p/w500/gEU2QniE6E77NI6lCU6MxlNBvIx.jpg,Interstellar,The adventures of a group of explorers who make use of a newly discovered wormhole to surpass the limitations on human space travel and conquer the vast distances involved in an interstellar voyage.,8.433,217.211,2014-11-05
https://image.tmdb.org/t/p/w500/pQYHouPsDw32FhDLr7E3jmw0WTk.jpg,Exhuma,"After tracing the origin of a disturbing supernatural affliction to a wealthy family's ancestral gravesite, a team of paranormal experts relocates the remains—and soon discovers what happens to those who dare to mess with the wrong grave.",7.8,186.446,2024-02-22
https://image.tmdb.org/t/p/w500/nKPoSD4pZ3s3CJ9g3cqWRcQ41TC.jpg,Air Force One Down,"On her first assignment aboard Air Force One, a rookie Secret Service agent faces the ultimate test when terrorists hijack the plane, intent on derailing a pivotal energy deal. With the President's life on the line and a global crisis at stake, her bravery and skills are pushed to the limit in a relentless battle that could change the course of history.",6.4,174.839,2024-02-09
https://image.tmdb.org/t/p/w500/qNBAXBIQlnOThrVvA6mA2B5ggV6.jpg,The Super Mario Bros. Movie,"While working underground to fix a water main, Brooklyn plumbers—and brothers—Mario and Luigi are transported down a mysterious pipe and wander into a magical new world. But when the brothers are separated, Mario embarks on an epic quest to find Luigi.",7.68,228.321,2023-04-05
https://image.tmdb.org/t/p/w500/fQ40gmFM4p03tXwMxQQKh2cCBW4.jpg,Godzilla: King of the Monsters,"Follows the heroic efforts of the crypto-zoological agency Monarch as its members face off against a battery of god-sized monsters, including the mighty Godzilla, who collides with Mothra, Rodan, and his ultimate nemesis, the three-headed King Ghidorah. When these ancient super-species, thought to be mere myths, rise again, they all vie for supremacy, leaving humanity's very existence hanging in the balance.",6.691,196.654,2019-05-29
https://image.tmdb.org/t/p/w500/ywzbF5YSBfZ7XqcGO9YR6Gy4VFt.jpg,Princess Cursed in Time: Alchemist's Quest,"It follows young alchemist Amélie as she acquires a magical power: partially influencing the flow of time. But she is split in time, and Amélie from the present meets Améliw from the past, who accompanies her every step of the way.",7.5,204.186,2022-11-17
https://image.tmdb.org/t/p/w500/74xTEgt7R36Fpooo50r9T25onhq.jpg,The Batman,"In his second year of fighting crime, Batman uncovers corruption in Gotham City that connects to his own family while facing a serial killer known as the Riddler.",7.685,233.24,2022-03-01
https://image.tmdb.org/t/p/w500/5a7cocgyVuFjYV71neDIGVzD6Yq.jpg,Bullet Train Down,"On its maiden run, the world's fastest bullet train is rigged with a bomb that will explode if it dips below 200 mph.",5.446,180.763,2022-08-01
https://image.tmdb.org/t/p/w500/f4oZTcfGrVTXKTWg157AwikXqmP.jpg,The Boy and the Heron,"While the Second World War rages, the teenage Mahito, haunted by his mother's tragic death, is relocated from Tokyo to the serene rural home of his new stepmother Natsuko, a woman who bears a striking resemblance to the boy's mother. As he tries to adjust, this strange new world grows even stranger following the appearance of a persistent gray heron, who perplexes and bedevils Mahito, dubbing him the ""long-awaited one.""",7.441,230.896,2023-07-14
https://image.tmdb.org/t/p/w500/xeqXXTE1Cd3qNaAEOT6qbhhCsgJ.jpg,Inside Out 2,"Teenager Riley's mind headquarters is undergoing a sudden demolition to make room for something entirely unexpected: new Emotions! Joy, Sadness, Anger, Fear and Disgust, who’ve long been running a successful operation by all accounts, aren’t sure how to feel when Anxiety shows up. And it looks like she’s not alone.",0,211.407,2024-06-12
https://image.tmdb.org/t/p/w500/5weKu49pzJCt06OPpjvT80efnQj.jpg,Spider-Man: No Way Home,"Peter Parker is unmasked and no longer able to separate his normal life from the high-stakes of being a super-hero. When he asks for help from Doctor Strange the stakes become even more dangerous, forcing him to discover what it truly means to be Spider-Man.",7.968,208.293,2021-12-15
https://image.tmdb.org/t/p/w500/5qcHcoJL3otMwJPKnbV5M3a1jQd.jpg,How to Date Billy Walsh,"Archie has been in love with his best friend Amelia for as long as he can remember. Just when he builds up the courage to declare his feelings, she falls head over heels for Billy Walsh, a new American transfer student.",6.1,240.726,2024-04-04
https://image.tmdb.org/t/p/w500/8jJKM0ZR3GQo6E3CUkMKKVa4S8B.jpg,24 Hours with Gaspar,"With only 24 hours left to live, a private investigator follows a trail of confounding clues to uncover the disappearance of his childhood friend.",6.393,195.806,2023-10-06
https://image.tmdb.org/t/p/w500/gPbM0MK8CP8A174rmUwGsADNYKD.jpg,Transformers: Rise of the Beasts,"When a new threat capable of destroying the entire planet emerges, Optimus Prime and the Autobots must team up with a powerful faction known as the Maximals. With the fate of humanity hanging in the balance, humans Noah and Elena will do whatever it takes to help the Transformers as they engage in the ultimate battle to save Earth.",7.343,212.246,2023-06-06
https://image.tmdb.org/t/p/w500/8Vt6mWEReuy4Of61Lnj5Xj704m8.jpg,Spider-Man: Across the Spider-Verse,"After reuniting with Gwen Stacy, Brooklyn’s full-time, friendly neighborhood Spider-Man is catapulted across the Multiverse, where he encounters the Spider Society, a team of Spider-People charged with protecting the Multiverse’s very existence. But when the heroes clash on how to handle a new threat, Miles finds himself pitted against the other Spiders and must set out on his own to save those he loves most.",8.373,189.926,2023-05-31
https://image.tmdb.org/t/p/w500/7WsyChQLEftFiDOVTGkv3hFpyyt.jpg,Avengers: Infinity War,"As the Avengers and their allies have continued to protect the world from threats too large for any one hero to handle, a new danger has emerged from the cosmic shadows: Thanos. A despot of intergalactic infamy, his goal is to collect all six Infinity Stones, artifacts of unimaginable power, and use them to inflict his twisted will on all of reality. Everything the Avengers have fought for has led up to this moment - the fate of Earth and existence itself has never been more uncertain.",8.2,216.31,2018-04-25
https://image.tmdb.org/t/p/w500/7IJ7F8tX7IAkpUdaGovOBJqORnJ.jpg,"The Pig, the Snake and the Pigeon","The arrogant, third most-wanted criminal in Taiwan, decides to get rid of the top two competitors and crowns himself the most-wanted criminal before dying.",7.3,167.029,2023-10-06
https://image.tmdb.org/t/p/w500/t6HIqrRAclMCA60NsSmeqe9RmNV.jpg,Avatar: The Way of Water,"Set more than a decade after the events of the first film, learn the story of the Sully family (Jake, Neytiri, and their kids), the trouble that follows them, the lengths they go to keep each other safe, the battles they fight to stay alive, and the tragedies they endure.",7.626,219.598,2022-12-14
https://image.tmdb.org/t/p/w500/bnOz6hfBTOIDYyrj8P3Pcj4uVzE.jpg,Kalikot,"Sal, a hot single professor, moves across an auto service shop and rocks the world of young repairman Arnel. Ever since Sal came over to get her car fixed, Arnel's skilled hands have always been busy. But can he still fix the problems that come with it?",7,179.87,2024-03-12
https://image.tmdb.org/t/p/w500/6WBeq4fCfn7AN0o21W9qNcRF2l9.jpg,Iron Man 2,"With the world now aware of his dual life as the armored superhero Iron Man, billionaire inventor Tony Stark faces pressure from the government, the press and the public to share his technology with the military. Unwilling to let go of his invention, Stark, with Pepper Potts and James 'Rhodey' Rhodes at his side, must forge new alliances – and confront powerful enemies.",6.839,239.451,2010-04-28
https://image.tmdb.org/t/p/w500/bnOz6hfBTOIDYyrj8P3Pcj4uVzE.jpg,Kalikot,"Sal, a hot single professor, moves across an auto service shop and rocks the world of young repairman Arnel. Ever since Sal came over to get her car fixed, Arnel's skilled hands have always been busy. But can he still fix the problems that come with it?",7,179.87,2024-03-12
https://image.tmdb.org/t/p/w500/6WBeq4fCfn7AN0o21W9qNcRF2l9.jpg,Iron Man 2,"With the world now aware of his dual life as the armored superhero Iron Man, billionaire inventor Tony Stark faces pressure from the government, the press and the public to share his technology with the military. Unwilling to let go of his invention, Stark, with Pepper Potts and James 'Rhodey' Rhodes at his side, must forge new alliances – and confront powerful enemies.",6.839,239.451,2010-04-28
https://image.tmdb.org/t/p/w500/zvrkAXaFFPpJCFcus18qlsGfOrz.jpg,"Love, Divided","She’s a young pianist preparing for an audition. He is a games inventor who can only concentrate in complete silence. Separated by only a paper-thin wall in conjoined apartments, will they learn to live in harmony with one another? Will romance blossom through the wall?",6.482,284.047,2024-04-12
https://image.tmdb.org/t/p/w500/j1Rjw6a62UwrbTNT0I3JzZnnCmr.jpg,Noah's Ark,"A pair of mice attempt to board Noah's Ark: Vini, a charismatic poet with terrible stage fright, and Tito, a talented and charming guitarist. When the rains come, only one male and one female of each species is allowed on Noah's Ark. With the help of an ingenious cockroach and fate's good luck, Vini and Tito sneak their way onto the Ark and together avert a showdown among the ships carnivores and plant eaters. All the while, the animals perform a series of classic songs inspired by world renowned poet, Vinicius de Moraes. Can these talented stowaways use music to break the tension and help these cooped up creatures survive the 40 days and 40 nights together?",7,202.682,2024-01-05
https://image.tmdb.org/t/p/w500/1On8iF3AsFIbpyfZg1xiGWMAFBn.jpg,Skal - Fight for Survival,"My name's Arthur, a huge Internet star who's just hit 3 million subs. While in the midst of throwing an epic party to celebrate, the universe had the balls to bring on the effing apocalypse and cut my night short. What was supposed to be a perfect hangover, has turned into an epic fight for survival.",5.263,186.53,2023-11-24
https://image.tmdb.org/t/p/w500/vZloFAK7NmvMGKE7VkF5UHaz0I.jpg,John Wick: Chapter 4,"With the price on his head ever increasing, John Wick uncovers a path to defeating The High Table. But before he can earn his freedom, Wick must face off against a new enemy with powerful alliances across the globe and forces that turn old friends into foes.",7.743,194.447,2023-03-22
https://image.tmdb.org/t/p/w500/k68nPLbIST6NP96JmTxmZijEvCA.jpg,Tenet,"Armed with only one word - Tenet - and fighting for the survival of the entire world, the Protagonist journeys through a twilight world of international espionage on a mission that will unfold in something beyond real time.",7.18,229.175,2020-08-22
https://image.tmdb.org/t/p/w500/4hUc6E3akm7vWtEvUzY8Z5TaD02.jpg,The Chapel,"Emma wants to learn how to communicate with the spirit of a girl who has been trapped in a hermitage for centuries, and to that end, she tries to persuade Carol, a sceptical medium, to help her.",5.3,191.489,2023-11-17
https://image.tmdb.org/t/p/w500/mBaXZ95R2OxueZhvQbcEWy2DqyO.jpg,The Hunger Games: The Ballad of Songbirds & Snakes,"64 years before he becomes the tyrannical president of Panem, Coriolanus Snow sees a chance for a change in fortunes when he mentors Lucy Gray Baird, the female tribute from District 12.",7.2,160.879,2023-11-15
https://image.tmdb.org/t/p/w500/zokD6uxR2iWfYM3Y84yGJvnNTK7.jpg,Godzilla,"Ford Brody, a Navy bomb expert, has just reunited with his family in San Francisco when he is forced to go to Japan to help his estranged father, Joe. Soon, both men are swept up in an escalating crisis when an ancient alpha predator arises from the sea to combat malevolent adversaries that threaten the survival of humanity. The creatures leave colossal destruction in their wake, as they make their way toward their final battleground: San Francisco.",6.323,147.062,2014-05-14
https://image.tmdb.org/t/p/w500/jn0qp1t7mExBze9qzy4pryFCbpm.jpg,Final Fantasy VII: On the Way to a Smile - Episode Denzel,It's been four years since Meteor fell on Midgar. Denzel meets Reeve at an outskirts coffee shop about joining the World Regenesis Organization. Upon the request Denzel tells Reeve about what his life was like prior to the Meteor incident.,5.5,167.189,2009-04-16
https://image.tmdb.org/t/p/w500/7XIIFcDxSk6XqG9Rek6h9q6KU58.jpg,Cold Meat,"David Petersen is passing through the Colorado Rockies. After saving a young diner waitress from her violent ex-husband during a break from driving, he hits the road again alone through a dangerous snow blizzard. One false move behind the wheel has him waking up inside a ravine, in the eye of the storm. But the cold is the least of his worries when a beast starts prowling outside. How will he survive?",4.944,263.369,2024-02-23
https://image.tmdb.org/t/p/w500/4ndp1pnHWRuiZLNpFJvO4Kh6Tav.jpg,Ruthless,"A high school coach, whose teenage daughter was murdered, takes matters into his own hands by going after the men who kidnap his students for their sex trafficking operation.",6.431,171.653,2023-12-14
https://image.tmdb.org/t/p/w500/ui4DrH1cKk2vkHshcUcGt2lKxCm.jpg,Rebel Moon - Part One: A Child of Fire,"When a peaceful colony on the edge of the galaxy finds itself threatened by the armies of the tyrannical Regent Balisarius, they dispatch Kora, a young woman with a mysterious past, to seek out warriors from neighboring planets to help them take a stand.",6.357,175.321,2023-12-15
https://image.tmdb.org/t/p/w500/bwdLflvCcOCRPqb1x13KPuYIzVx.jpg,Beautiful Disaster,"Bad-boy Travis is exactly what college freshman Abby needs and wants to avoid. He spends his nights fighting in underground boxing matches, and his days as the ultimate college campus charmer. But Abby wants nothing to do with Travis. Intrigued by Abby’s resistance, Travis offers her a simple bet: if he loses his next fight, he must remain sex-free for a month. If he wins, Abby must live in his apartment for the same amount of time. Either way, Travis has no idea that Abby’s dark past is about to emerge, and he may have finally met his match.",6.661,217.699,2023-04-04
https://image.tmdb.org/t/p/w500/jLLtx3nTRSLGPAKl4RoIv1FbEBr.jpg,The Family Plan,"Dan Morgan is many things: a devoted husband, a loving father, a celebrated car salesman. He's also a former assassin. And when his past catches up to his present, he's forced to take his unsuspecting family on a road trip unlike any other.",7.317,161.558,2023-12-14
https://image.tmdb.org/t/p/w500/3E53WEZJqP6aM84D8CckXx4pIHw.jpg,Deadpool,"The origin story of former Special Forces operative turned mercenary Wade Wilson, who, after being subjected to a rogue experiment that leaves him with accelerated healing powers, adopts the alter ego Deadpool. Armed with his new abilities and a dark, twisted sense of humor, Deadpool hunts down the man who nearly destroyed his life.",7.612,222.403,2016-02-09
https://image.tmdb.org/t/p/w500/imekS7f1OuHyUP2LAiTEM0zBzUz.jpg,Wonder Woman,An Amazon princess comes to the world of Man in the grips of the First World War to confront the forces of evil and bring an end to human conflict.,7.2,185.543,2017-05-30
https://image.tmdb.org/t/p/w500/vcZWJGvB5xydWuUO1vaTLI82tGi.jpg,Napoleon,"An epic that details the checkered rise and fall of French Emperor Napoleon Bonaparte and his relentless journey to power through the prism of his addictive, volatile relationship with his wife, Josephine.",6.5,177.944,2023-11-22
https://image.tmdb.org/t/p/w500/ve72VxNqjGM69Uky4WTo2bK6rfq.jpg,2001: A Space Odyssey,"Humanity finds a mysterious object buried beneath the lunar surface and sets off to find its origins with the help of HAL 9000, the world's most advanced super computer.",8.076,199.02,1968-04-02
https://image.tmdb.org/t/p/w500/rGfGfgL2pEPCfhIvqHXieXFn7gp.jpg,Bird Box,"Five years after an ominous unseen presence drives most of society to suicide, a survivor and her two children make a desperate bid to reach safety.",6.845,232.247,2018-12-13
https://image.tmdb.org/t/p/w500/oYuLEt3zVCKq57qu2F8dT7NIa6f.jpg,Inception,"Cobb, a skilled thief who commits corporate espionage by infiltrating the subconscious of his targets is offered a chance to regain his old life as payment for a task considered to be impossible: ""inception"", the implantation of another person's idea into a target's subconscious.",8.367,190.655,2010-07-15
https://image.tmdb.org/t/p/w500/txA4srjcxa4HiWEaMyrNtWHbR5a.jpg,Monsternado,"When a tornado full of creatures bursts through the city, a group are held at a hotel trying to figure out a way to survive!",5.958,147.446,2023-11-14
https://image.tmdb.org/t/p/w500/4Y1WNkd88JXmGfhtWR7dmDAo1T2.jpg,Elemental,"In a city where fire, water, land and air residents live together, a fiery young woman and a go-with-the-flow guy will discover something elemental: how much they have in common.",7.659,175.848,2023-06-14
https://image.tmdb.org/t/p/w500/7Bd4EUOqQDKZXA6Od5gkfzRNb0.jpg,Freelance,"An ex-special forces operative takes a job to provide security for a journalist as she interviews a dictator, but a military coup breaks out in the middle of the interview, they are forced to escape into the jungle where they must survive.",6.575,171.243,2023-10-05
https://image.tmdb.org/t/p/w500/f89U3ADr1oiB1s9GkdPOEpXUk5H.jpg,The Matrix,"Set in the 22nd century, The Matrix tells the story of a computer hacker who joins a group of underground insurgents fighting the vast and powerful computers who now rule the earth.",8.214,212.798,1999-03-31
https://image.tmdb.org/t/p/w500/rzRwTcFvttcN1ZpX2xv4j3tSdJu.jpg,Thor: Ragnarok,"Thor is imprisoned on the other side of the universe and finds himself in a race against time to get back to Asgard to stop Ragnarok, the destruction of his home-world and the end of Asgardian civilization, at the hands of a powerful new threat, the ruthless Hela.",7.594,203.788,2017-10-02
https://image.tmdb.org/t/p/w500/kUX5ourGUJDG0yvEeS3uooZS0dS.jpg,Música,"A young man, plagued by the music in his head, has to come to terms with an uncertain future while balancing love, family and Brazilian culture in Newark, New Jersey.",6.779,176.877,2024-03-13
https://image.tmdb.org/t/p/w500/qGz5rffXhegQH5PGUDiObqoOt06.jpg,The OctoGames,"Eight contestants compete in eight deadly, classic children's games. They seek fame beyond their wildest dreams, competing for the chance to take over the YouTube channel of the famous yet elusive masked content creator known only as ""JaxPro"".",5.62,160.171,2022-10-07
https://image.tmdb.org/t/p/w500/wJmWliwXIgZOCCVOcGRBhce7xPS.jpg,Ghostbusters,"Following a ghost invasion of Manhattan, paranormal enthusiasts Erin Gilbert and Abby Yates, nuclear engineer Jillian Holtzmann, and subway worker Patty Tolan band together to stop the otherworldly threat.",5.359,229.639,2016-07-14
https://image.tmdb.org/t/p/w500/wuMc08IPKEatf9rnMNXvIDxqP4W.jpg,Harry Potter and the Philosopher's Stone,"Harry Potter has lived under the stairs at his aunt and uncle's house his whole life. But on his 11th birthday, he learns he's a powerful wizard—with a place waiting for him at the Hogwarts School of Witchcraft and Wizardry. As he learns to harness his newfound powers with the help of the school's kindly headmaster, Harry uncovers the truth about his parents' deaths—and about the villain who's to blame.",7.913,152.683,2001-11-16
https://image.tmdb.org/t/p/w500/u3aPmYOkd8GclXg8nTvKQ4w1f7L.jpg,Damaged,"A Chicago detective travels to Scotland after an emerging serial killer’s crimes match those that he investigated five years earlier, one of which was the crime scene of his murdered girlfriend.",5.929,245.251,2024-04-12
https://image.tmdb.org/t/p/w500/vfrQk5IPloGg1v9Rzbh2Eg3VGyM.jpg,Alien,"During its return to the earth, commercial spaceship Nostromo intercepts a distress signal from a distant planet. When a three-member team of the crew discovers a chamber containing thousands of eggs on the planet, a creature inside one of the eggs attacks an explorer. The entire crew is unaware of the impending nightmare set to descend upon them when the alien parasite planted inside its unfortunate host is birthed.",8.152,213.045,1979-05-25
https://image.tmdb.org/t/p/w500/jojfbnIHGsRpodIood3OQoqA45Y.jpg,Sixty Minutes,"Desperate to keep custody of his daughter, a mixed martial arts fighter abandons a big match and races across Berlin to attend her birthday party.",6.802,144.493,2024-01-19
https://image.tmdb.org/t/p/w500/yZGdlrKxglrWciRl0Rs6lAjfPHM.jpg,Dogman,"A boy, bruised by life, finds his salvation through the love of his dogs.",7.772,150.343,2023-09-27
https://image.tmdb.org/t/p/w500/2H1TmgdfNtsKlU9jKdeNyYL5y8T.jpg,Inside Out,"From an adventurous balloon ride above the clouds to a monster-filled metropolis, Academy Award®-winning director Pete Docter (“Monsters, Inc.,” “Up”) has taken audiences to unique and imaginative places. In Disney and Pixar’s original movie “ Inside Out,” he will take us to the most extraordinary location of all—inside the mind.",7.916,155.59,2015-06-09
https://image.tmdb.org/t/p/w500/pIkRyD18kl4FhoCNQuWxWu5cBLM.jpg,Thor: Love and Thunder,"After his retirement is interrupted by Gorr the God Butcher, a galactic killer who seeks the extinction of the gods, Thor Odinson enlists the help of King Valkyrie, Korg, and ex-girlfriend Jane Foster, who now wields Mjolnir as the Mighty Thor. Together they embark upon a harrowing cosmic adventure to uncover the mystery of the God Butcher’s vengeance and stop him before it’s too late.",6.475,165.657,2022-07-06
https://image.tmdb.org/t/p/w500/sdI9ufheNPAKnWLl2hnsZKVk0EG.jpg,Badland Hunters,"After a deadly earthquake turns Seoul into a lawless badland, a fearless huntsman springs into action to rescue a teenager abducted by a mad doctor.",6.788,153.527,2024-01-25
https://image.tmdb.org/t/p/w500/kScdQEwS9jPEdnO23XjGAtaoRcT.jpg,Dawn of the Planet of the Apes,"A group of scientists in San Francisco struggle to stay alive in the aftermath of a plague that is wiping out humanity, while Caesar tries to maintain dominance over his community of intelligent apes.",7.312,188.105,2014-07-08
https://image.tmdb.org/t/p/w500/pbeSOr5ODJMHMzR4hbLXhnHNs1S.jpg,172 Days,"Zira was united with Amer for 172 very memorable days. Fate separated, Amer left too soon, leaving many sweet memories for Zira.",5.2,167.815,2023-11-23
https://image.tmdb.org/t/p/w500/qvktm0BHcnmDpul4Hz01GIazWPr.jpg,The Terminator,"In the post-apocalyptic future, reigning tyrannical supercomputers teleport a cyborg assassin known as the ""Terminator"" back to 1984 to kill Sarah Connor, whose unborn son is destined to lead insurgents against 21st century mechanical hegemony. Meanwhile, the human-resistance movement dispatches a lone warrior to safeguard Sarah. Can he stop the virtually indestructible killing machine?",7.662,220.653,1984-10-26
https://image.tmdb.org/t/p/w500/slQYCDzCMM8SBh9Xa3aPeM2fekA.jpg,The Weapon,"Dallas is a one-man killing machine on a mysterious rampage. His attacks on biker gangs and meth labs anger the Vegas mob boss who’s holding Dallas’ girlfriend hostage. But who is Dallas working for? Even torture won’t make him talk, and he won’t stop until justice is served.",5.979,136.431,2023-02-17
https://image.tmdb.org/t/p/w500/qsdjk9oAKSQMWs0Vt5Pyfh6O4GZ.jpg,Turning Red,"Thirteen-year-old Mei is experiencing the awkwardness of being a teenager with a twist – when she gets too excited, she transforms into a giant red panda.",7.397,166.126,2022-03-10
https://image.tmdb.org/t/p/w500/rtosxP5sXuoRFPH4sVbMccLIPiV.jpg,The Three Musketeers: Milady,"D'Artagnan, on a quest to rescue the abducted Constance, runs into the mysterious Milady de Winter again. The tension between the Catholics and the Protestants finally escalates, as the king declares war — forcing the now four musketeers into battle. But as the war goes on, they are tested physically, mentally and emotionally.",6.6,163.366,2023-12-13
https://image.tmdb.org/t/p/w500/gxVcBc4VM0kAg9wX4HVg6KJHG46.jpg,Arthur the King,"Over the course of ten days and 435 miles, an unbreakable bond is forged between pro adventure racer Michael Light and a scrappy street dog companion dubbed Arthur. As the team is pushed to their outer limits of endurance in the race, Arthur redefines what victory, loyalty and friendship truly mean.",6.3,147.649,2024-03-15
https://image.tmdb.org/t/p/w500/wWt4JYXTg5Wr3xBW2phBrMKgp3x.jpg,Kung Fu Panda,"When the Valley of Peace is threatened, lazy Po the panda discovers his destiny as the ""chosen one"" and trains to become a kung fu hero, but transforming the unsleek slacker into a brave warrior won't be easy. It's up to Master Shifu and the Furious Five -- Tigress, Crane, Mantis, Viper and Monkey -- to give it a try.",7.276,146.633,2008-06-04
https://image.tmdb.org/t/p/w500/iwsMu0ehRPbtaSxqiaUDQB9qMWT.jpg,Expend4bles,"Armed with every weapon they can get their hands on and the skills to use them, The Expendables are the world’s last line of defense and the team that gets called when all other options are off the table. But new team members with new styles and tactics are going to give “new blood” a whole new meaning.",6.323,147.415,2023-09-15
https://image.tmdb.org/t/p/w500/kuf6dutpsT0vSVehic3EZIqkOBt.jpg,Puss in Boots: The Last Wish,"Puss in Boots discovers that his passion for adventure has taken its toll: He has burned through eight of his nine lives, leaving him with only one life left. Puss sets out on an epic journey to find the mythical Last Wish and restore his nine lives.",8.241,145.608,2022-12-07
https://image.tmdb.org/t/p/w500/1ZHetsKD44xB63ZjTjqryC0CtoL.jpg,The Casagrandes Movie,"On a birthday trip to Mexico, 12-year-old Ronnie Anne accidentally frees a demigod trapped in a mountain and needs her family's help to set things right.",7.563,140.401,2024-03-21
https://image.tmdb.org/t/p/w500/6FfCtAuVAW8XJjZ7eWeLibRLWTw.jpg,Star Wars,Princess Leia is captured and held hostage by the evil Imperial forces in their effort to take over the galactic Empire. Venturesome Luke Skywalker and dashing captain Han Solo team together with the loveable robot duo R2-D2 and C-3PO to rescue the beautiful princess and restore peace and justice in the Empire.,8.204,197.396,1977-05-25
https://image.tmdb.org/t/p/w500/fnbjcRDYn6YviCcePDnGdyAkYsB.jpg,Logan,"In the near future, a weary Logan cares for an ailing Professor X in a hideout on the Mexican border. But Logan's attempts to hide from the world and his legacy are upended when a young mutant arrives, pursued by dark forces.",7.816,190.591,2017-02-28
https://image.tmdb.org/t/p/w500/woTQx9Q4b8aO13jR9dsj8C9JESy.jpg,X,"In 1979, a group of young filmmakers set out to make an adult film in rural Texas, but when their reclusive, elderly hosts catch them in the act, the cast find themselves fighting for their lives.",6.727,196.199,2022-03-17
https://image.tmdb.org/t/p/w500/sdEOH0992YZ0QSxgXNIGLq1ToUi.jpg,Harry Potter and the Chamber of Secrets,"Cars fly, trees fight back, and a mysterious house-elf comes to warn Harry Potter at the start of his second year at Hogwarts. Adventure and danger await when bloody writing on a wall announces: The Chamber Of Secrets Has Been Opened. To save Hogwarts will require all of Harry, Ron and Hermione’s magical abilities and courage.",7.72,128.912,2002-11-13
https://image.tmdb.org/t/p/w500/ode14q7WtDugFDp78fo9lCsmay9.jpg,The Maze Runner,"Set in a post-apocalyptic world, young Thomas is deposited in a community of boys after his memory is erased, soon learning they're all trapped in a maze that will require him to join forces with fellow “runners” for a shot at escape.",7.179,140.83,2014-09-10
https://image.tmdb.org/t/p/w500/cxevDYdeFkiixRShbObdwAHBZry.jpg,Rebel Moon - Part Two: The Scargiver,"The rebels gear up for battle against the Motherworld as unbreakable bonds are forged, heroes emerge — and legends are made.",8,153.878,2024-04-05
https://image.tmdb.org/t/p/w500/mmMc875bREz7XXbmSDhfBqcCSBA.jpg,The Taste of Things,"Set in 1889 France, Dodin Bouffant is a chef living with his personal cook and lover Eugénie. They share a long history of gastronomy and love but Eugénie refuses to marry Dodin, so the food lover decides to do something he has never done before: cook for her.",7.1,155.196,2023-04-11
https://image.tmdb.org/t/p/w500/ovUBfip0EgyqHZYhVx4K0ZjFkgn.jpg,Stolen,"A young woman struggles to defend her Sámi heritage in a world where xenophobia is on the rise, climate change is threatening reindeer herding, and young people choose suicide in the face of collective desperation.",6.348,119.032,2024-04-12
https://image.tmdb.org/t/p/w500/4m1Au3YkjqsxF8iwQy0fPYSxE0h.jpg,Meg 2: The Trench,An exploratory dive into the deepest depths of the ocean of a daring research team spirals into chaos when a malevolent mining operation threatens their mission and forces them into a high-stakes battle for survival.,6.585,141.565,2023-08-02
https://image.tmdb.org/t/p/w500/txcjXiyhBvsSFyZtgCHWW7CyIeN.jpg,The Adventure of A.R.I.: My Robot Friend,A teenager summons the courage to help a friendly robot known as A.R.I. kidnapped by a ruthless lab director working for a powerful corporation seeking to turn him into a dangerous weapon in order to rule the world.,7.3,131.417,2022-01-13
https://image.tmdb.org/t/p/w500/2J5eeroLDY0d45mVjpuGhcLZs3W.jpg,The Thundermans Return,"Twins Phoebe and Max are enjoying their superhero lifestyle, but when one 'save' goes awry, the Thundermans are sent back to Hiddenville. While Hank and Barb enjoy their return, and Billy and Nora look forward to a normal high school life, Max and Phoebe are determined to regain their superhero status.",7.61,134.318,2024-03-07